{"cameraMode":{"drawMode":0,"name":"Shaded","section":"Shading Mode"},"sceneLighting":false,"audioPlay":false,"sceneViewState":{"showFog":false,"showMaterialUpdate":false,"showSkybox":false,"showFlares":true,"showImageEffects":true,"showParticleSystems":true},"in2DMode":false,"pivot":{"x":7.18623161315918,"y":-0.4559617042541504,"z":-4.909111022949219},"rotation":{"x":-0.013773109763860703,"y":0.07252608239650727,"z":-0.0010039106709882618,"w":-0.9972787499427795},"size":42.56260299682617,"orthographic":false}