{"cameraMode":{"drawMode":0,"name":"Shaded","section":"Shading Mode"},"sceneLighting":false,"audioPlay":false,"sceneViewState":{"showFog":false,"showMaterialUpdate":false,"showSkybox":true,"showFlares":true,"showImageEffects":true,"showParticleSystems":true},"in2DMode":false,"pivot":{"x":2.933608293533325,"y":16.674394607543947,"z":8.784761428833008},"rotation":{"x":0.026017028838396074,"y":0.9718866944313049,"z":-0.193817600607872,"w":0.13163723051548005},"size":3.628073215484619,"orthographic":false}