{"cameraMode":{"drawMode":0,"name":"Shaded","section":"Shading Mode"},"sceneLighting":false,"audioPlay":false,"sceneViewState":{"showFog":false,"showMaterialUpdate":false,"showSkybox":false,"showFlares":true,"showImageEffects":true,"showParticleSystems":true},"in2DMode":false,"pivot":{"x":0.000030517578125,"y":-0.0000152587890625,"z":0.0},"rotation":{"x":0.010116202756762505,"y":0.1202988550066948,"z":0.001223649480380118,"w":-0.9926930069923401},"size":173.19265747070313,"orthographic":false}