{"cameraMode":{"drawMode":0,"name":"Shaded","section":"Shading Mode"},"sceneLighting":true,"audioPlay":false,"sceneViewState":{"showFog":false,"showMaterialUpdate":false,"showSkybox":true,"showFlares":true,"showImageEffects":true,"showParticleSystems":true},"in2DMode":false,"pivot":{"x":1.633833408355713,"y":16.639944076538087,"z":22.25674819946289},"rotation":{"x":0.010116202756762505,"y":0.1202988550066948,"z":0.001223649480380118,"w":-0.9926930069923401},"size":11.652360916137696,"orthographic":false}